{"Average Sentiment Score":{"MSFT":0.0375813131,"CRM":0.0384886364,"CRWD":0.0918553391,"ZM":0.0210360195,"SHOP":0.1103015873,"AAPL":0.0192785354}}